{
    "versions": [
        ["2.2.0", {
            "messageEn": "•Toggles available! <br> Now you can control the volume, repeat and shuffle the music. <br> • You can also increase or decrease the volume and rewind the track with the mouse wheel!",
            "messageRu": "• Доступны переключатели! <br> Теперь вы можете регулировать громкость, повторять и перемешивать музыку. <br> • Вы также можете увеличивать или уменьшать громкость и перематывать трек колесиком мыши!"
        }],
        ["2.1.0", {
            "messageEn": "• The playlist now shows which track has been added to favorites.",
            "messageRu": "• В плейлисте теперь отображается, какой трек был добавлен в избранное."
        }],
        ["2.0.0", {
            "messageEn": "• Added a list of tracks of the current playlist. <br> Also you can select track from playlist.",
            "messageRu": "• Добавлен список треков текущего плейлиста. <br> Также вы можете выбрать трек из плейлиста."
        }],
        ["1.5.7-9", {
            "messageEn": "• Bugs fixed.",
            "messageRu": "• Исправлены ошибки."
        }],
        ["1.5.6", {
            "messageEn": "• Improved rewind!",
            "messageRu": "• Улучшена перемотка!"
        }],
        ["1.5", {
            "messageEn": "• You can now rewind the track.<br>• Click on the notification to skip to the next track!",
            "messageRu": "• Теперь вы можете перемотать трек.<br>• Нажмите на уведомление, чтобы перейти к следующему треку!"
        }],
        ["1.4", {
            "messageEn": "• Added Integrate with Windows and Linux operating systems, tested on: Windows 10, Kubuntu 20.04.<br>• Added settings for control show notifications.",
            "messageRu": "• Добавлена интеграция с операционными системами Windows и Linux, протестировано на: Windows 10, Kubuntu 20.04.<br>• Добавлены настройки для управления отображением уведомлений."
        }],
        ["1.3", {
            "messageEn": "• Added shortcut button to add to favorites.",
            "messageRu": " Добавлена клавиша быстрого доступа, чтобы добавить в избранное."
        }],
        ["1.2", {
            "messageEn": "• Fixed translates.<br>• Graphical improvements.",
            "messageRu": "• Исправлены переводы.<br>• Графические улучшения."
        }]
    ]
}